{
  "format_version": "1.8.0",
  "minecraft:spawn_rules": {
    "description": {
      "identifier": "minecraft:zombie_pigman",
      "population_control": "monster"
    },
    "conditions": [
      {
        "minecraft:spawns_underground": {
        },

        "minecraft:spawns_on_block_prevented_filter": [
          "minecraft:nether_wart_block",
          "minecraft:shroomlight"
        ],

        "minecraft:difficulty_filter": {
          "min": "easy",
          "max": "hard"
        },

        "minecraft:weight": {
          "default": 100
        },

        "minecraft:herd": {
          "min_size": 2,
          "max_size": 4
        },

        "minecraft:biome_filter": {
          "test": "has_biome_tag",
          "operator": "==",
          "value": "spawn_zombified_piglin"
        },

        "minecraft:brightness_filter": {
          "min": 0,
          "max": 11,
          "adjust_for_weather": true
        }
      },
      {
        "minecraft:spawns_underground": {
        },

        "minecraft:spawns_on_block_prevented_filter": [
          "minecraft:nether_wart_block",
          "minecraft:shroomlight"
        ],

        "minecraft:difficulty_filter": {
          "min": "easy",
          "max": "hard"
        },

        "minecraft:weight": {
          "default": 1
        },

        "minecraft:herd": {
          "min_size": 2,
          "max_size": 4
        },

        "minecraft:biome_filter": {
          "test": "has_biome_tag",
          "operator": "==",
          "value": "spawn_few_zombified_piglins"
        },

        "minecraft:brightness_filter": {
          "min": 0,
          "max": 11,
          "adjust_for_weather": true
        }
      }
    ]
  }
}
