{
  "tiers": [
    {
      "total_exp_required": 0,
      "groups": [
        {
          "num_to_select": 1,
          "trades": [
            {
              "wants": [
                {
                  "item": "minecraft:wheat",
                  "quantity": 20,
                  "price_multiplier": 0.05
                }
              ],
              "gives": [
                {
                  "item": "minecraft:emerald",
                  "quantity": 1
                }
              ],
              "trader_exp": 2,
              "max_uses": 16,
              "reward_exp": true
            },
            {
              "wants": [
                {
                  "item": "minecraft:potato",
                  "quantity": 26,
                  "price_multiplier": 0.05
                }
              ],
              "gives": [
                {
                  "item": "minecraft:emerald",
                  "quantity": 1
                }
              ],
              "trader_exp": 2,
              "max_uses": 16,
              "reward_exp": true
            },
            {
              "wants": [
                {
                  "item": "minecraft:beetroot",
                  "quantity": 15,
                  "price_multiplier": 0.05
                }
              ],
              "gives": [
                {
                  "item": "minecraft:emerald",
                  "quantity": 1
                }
              ],
              "trader_exp": 2,
              "max_uses": 16,
              "reward_exp": true
            },
            {
              "wants": [
                {
                  "item": "minecraft:carrot",
                  "quantity": 22,
                  "price_multiplier": 0.05
                }
              ],
              "gives": [
                {
                  "item": "minecraft:emerald",
                  "quantity": 1
                }
              ],
              "trader_exp": 2,
              "max_uses": 16,
              "reward_exp": true
            }
          ]
        },
        {
          "num_to_select": 1,
          "trades": [
            {
              "wants": [
                {
                  "item": "minecraft:emerald",
                  "quantity": 1,
                  "price_multiplier": 0.05
                }
              ],
              "gives": [
                {
                  "item": "minecraft:bread",
                  "quantity": 6
                }
              ],
              "trader_exp": 1,
              "max_uses": 16,
              "reward_exp": true
            }
          ]
        }
      ]
    },
    {
      "total_exp_required": 10,
      "groups": [
        {
          "num_to_select": 1,
          "trades": [
            {
              "wants": [
                {
                  "item": "minecraft:pumpkin",
                  "quantity": 6,
                  "price_multiplier": 0.05
                }
              ],
              "gives": [
                {
                  "item": "minecraft:emerald",
                  "quantity": 1
                }
              ],
              "trader_exp": 10,
              "max_uses": 12,
              "reward_exp": true
            }
          ]
        },
        {
          "num_to_select": 1,
          "trades": [
            {
              "wants": [
                {
                  "item": "minecraft:emerald",
                  "quantity": 1,
                  "price_multiplier": 0.05
                }
              ],
              "gives": [
                {
                  "item": "minecraft:pumpkin_pie",
                  "quantity": 4
                }
              ],
              "trader_exp": 5,
              "max_uses": 12,
              "reward_exp": true
            },
            {
              "wants": [
                {
                  "item": "minecraft:emerald",
                  "quantity": 1,
                  "price_multiplier": 0.05
                }
              ],
              "gives": [
                {
                  "item": "minecraft:apple",
                  "quantity": 4
                }
              ],
              "trader_exp": 5,
              "max_uses": 16,
              "reward_exp": true
            }
          ]
        }
      ]
    },
    {
      "total_exp_required": 70,
      "groups": [
        {
          "num_to_select": 1,
          "trades": [
            {
              "wants": [
                {
                  "item": "minecraft:melon_block",
                  "quantity": 4,
                  "price_multiplier": 0.05
                }
              ],
              "gives": [
                {
                  "item": "minecraft:emerald",
                  "quantity": 1
                }
              ],
              "trader_exp": 20,
              "max_uses": 12,
              "reward_exp": true
            }
          ]
        },
        {
          "num_to_select": 1,
          "trades": [
            {
              "wants": [
                {
                  "item": "minecraft:emerald",
                  "quantity": 3,
                  "price_multiplier": 0.05
                }
              ],
              "gives": [
                {
                  "item": "minecraft:cookie",
                  "quantity": 18
                }
              ],
              "trader_exp": 10,
              "max_uses": 12,
              "reward_exp": true
            }
          ]
        }
      ]
    },
    {
      "total_exp_required": 150,
      "groups": [
        {
          "num_to_select": 1,
          "trades": [
            {
              "wants": [
                {
                  "item": "minecraft:emerald",
                  "quantity": 1,
                  "price_multiplier": 0.05
                }
              ],
              "gives": [
                {
                  "item": "minecraft:suspicious_stew:0",
                  "quantity": 1,
                  "functions": [
                    {
                      "function": "random_aux_value",
                      "values": {
                        "min": 0,
                        "max": 5
                      }
                    }
                  ]
                }
              ],
              "trader_exp": 15,
              "max_uses": 12,
              "reward_exp": true
            }
          ]
        },
        {
          "num_to_select": 1,
          "trades": [
            {
              "wants": [
                {
                  "item": "minecraft:emerald",
                  "quantity": 1,
                  "price_multiplier": 0.05
                }
              ],
              "gives": [
                {
                  "item": "minecraft:cake",
                  "quantity": 1
                }
              ],
              "trader_exp": 15,
              "max_uses": 12,
              "reward_exp": true
            }
          ]
        }
      ]
    },
    {
      "total_exp_required": 250,
      "groups": [
        {
          "num_to_select": 1,
          "trades": [
            {
              "wants": [
                {
                  "item": "minecraft:emerald",
                  "quantity": 3,
                  "price_multiplier": 0.05
                }
              ],
              "gives": [
                {
                  "item": "minecraft:golden_carrot",
                  "quantity": 3
                }
              ],
              "trader_exp": 30,
              "max_uses": 12,
              "reward_exp": true
            },
            {
              "wants": [
                {
                  "item": "minecraft:emerald",
                  "quantity": 4,
                  "price_multiplier": 0.05
                }
              ],
              "gives": [
                {
                  "item": "minecraft:speckled_melon",
                  "quantity": 3
                }
              ],
              "trader_exp": 30,
              "max_uses": 12,
              "reward_exp": true
            }
          ]
        }
      ]
    }
  ]
}
