{
  "tiers": [
    {
      "total_exp_required": 0,
      "groups": [
        {
          "num_to_select": 1,
          "trades": [
            {
              "wants": [
                {
                  "choice": [
                    {
                      "item": "minecraft:wool:0",
                      "quantity": 18,
                      "price_multiplier": 0.05
                    },
                    {
                      "item": "minecraft:wool:7",
                      "quantity": 18,
                      "price_multiplier": 0.05
                    },
                    {
                      "item": "minecraft:wool:12",
                      "quantity": 18,
                      "price_multiplier": 0.05
                    },
                    {
                      "item": "minecraft:wool:15",
                      "quantity": 18,
                      "price_multiplier": 0.05
                    }
                  ]
                }
              ],
              "gives": [
                {
                  "item": "minecraft:emerald",
                  "quantity": 1
                }
              ],
              "trader_exp": 2,
              "max_uses": 16,
              "reward_exp": true
            }
          ]
        },
        {
          "num_to_select": 1,
          "trades": [
            {
              "wants": [
                {
                  "item": "minecraft:emerald",
                  "quantity": 2,
                  "price_multiplier": 0.05
                }
              ],
              "gives": [
                {
                  "item": "minecraft:shears",
                  "quantity": 1
                }
              ],
              "trader_exp": 1,
              "max_uses": 12,
              "reward_exp": true
            }
          ]
        }
      ]
    },
    {
      "total_exp_required": 10,
      "groups": [
        {
          "num_to_select": 1,
          "trades": [
            {
              "wants": [
                {
                  "choice": [
                    {
                      "item": "minecraft:dye:16",
                      "quantity": 12,
                      "price_multiplier": 0.05
                    },
                    {
                      "item": "minecraft:dye:8",
                      "quantity": 12,
                      "price_multiplier": 0.05
                    },
                    {
                      "item": "minecraft:dye:10",
                      "quantity": 12,
                      "price_multiplier": 0.05
                    },
                    {
                      "item": "minecraft:dye:12",
                      "quantity": 12,
                      "price_multiplier": 0.05
                    },
                    {
                      "item": "minecraft:dye:19",
                      "quantity": 12,
                      "price_multiplier": 0.05
                    }
                  ]
                }
              ],
              "gives": [
                {
                  "item": "minecraft:emerald",
                  "quantity": 1
                }
              ],
              "trader_exp": 10,
              "max_uses": 16,
              "reward_exp": true
            }
          ]
        },
        {
          "num_to_select": 1,
          "trades": [
            {
              "wants": [
                {
                  "item": "minecraft:emerald",
                  "quantity": 1,
                  "price_multiplier": 0.05
                }
              ],
              "gives": [
                {
                  "choice": [
                    {
                      "item": "minecraft:wool",
                      "functions": [
                        {
                          "function": "random_block_state",
                          "block_state": "color",
                          "values": {
                            "min": 0,
                            "max": 15
                          }
                        }
                      ]
                    }
                  ]
                }
              ],
              "trader_exp": 5,
              "max_uses": 16,
              "reward_exp": true
            },
            {
              "wants": [
                {
                  "item": "minecraft:emerald",
                  "quantity": 1,
                  "price_multiplier": 0.05
                }
              ],
              "gives": [
                {
                  "choice": [
                    {
                      "item": "minecraft:carpet",
                      "quantity": 4,
                      "functions": [
                        {
                          "function": "random_block_state",
                          "block_state": "color",
                          "values": {
                            "min": 0,
                            "max": 15
                          }
                        }
                      ]
                    }
                  ]
                }
              ],
              "trader_exp": 5,
              "max_uses": 16,
              "reward_exp": true
            }
          ]
        }
      ]
    },
    {
      "total_exp_required": 70,
      "groups": [
        {
          "num_to_select": 1,
          "trades": [
            {
              "wants": [
                {
                  "choice": [
                    {
                      "item": "minecraft:dye:1",
                      "quantity": 12,
                      "price_multiplier": 0.05
                    },
                    {
                      "item": "minecraft:dye:7",
                      "quantity": 12,
                      "price_multiplier": 0.05
                    },
                    {
                      "item": "minecraft:dye:9",
                      "quantity": 12,
                      "price_multiplier": 0.05
                    },
                    {
                      "item": "minecraft:dye:11",
                      "quantity": 12,
                      "price_multiplier": 0.05
                    },
                    {
                      "item": "minecraft:dye:14",
                      "quantity": 12,
                      "price_multiplier": 0.05
                    }
                  ]
                }
              ],
              "gives": [
                {
                  "item": "minecraft:emerald",
                  "quantity": 1
                }
              ],
              "trader_exp": 20,
              "max_uses": 16,
              "reward_exp": true
            }
          ]
        },
        {
          "num_to_select": 1,
          "trades": [
            {
              "wants": [
                {
                  "item": "minecraft:emerald",
                  "quantity": 3,
                  "price_multiplier": 0.05
                }
              ],
              "gives": [
                {
                  "choice": [
                    {
                      "item": "minecraft:bed",
                      "functions": [
                        {
                          "function": "random_aux_value",
                          "values": {
                            "min": 0,
                            "max": 15
                          }
                        }
                      ]
                    }
                  ]
                }
              ],
              "trader_exp": 10,
              "max_uses": 12,
              "reward_exp": true
            }
          ]
        }
      ]
    },
    {
      "total_exp_required": 150,
      "groups": [
        {
          "num_to_select": 1,
          "trades": [
            {
              "wants": [
                {
                  "choice": [
                    {
                      "item": "minecraft:dye:2",
                      "quantity": 12,
                      "price_multiplier": 0.05
                    },
                    {
                      "item": "minecraft:dye:17",
                      "quantity": 12,
                      "price_multiplier": 0.05
                    },
                    {
                      "item": "minecraft:dye:18",
                      "quantity": 12,
                      "price_multiplier": 0.05
                    },
                    {
                      "item": "minecraft:dye:5",
                      "quantity": 12,
                      "price_multiplier": 0.05
                    },
                    {
                      "item": "minecraft:dye:6",
                      "quantity": 12,
                      "price_multiplier": 0.05
                    },
                    {
                      "item": "minecraft:dye:13",
                      "quantity": 12,
                      "price_multiplier": 0.05
                    }
                  ]
                }
              ],
              "gives": [
                {
                  "item": "minecraft:emerald",
                  "quantity": 1
                }
              ],
              "trader_exp": 30,
              "max_uses": 16,
              "reward_exp": true
            }
          ]
        },
        {
          "num_to_select": 1,
          "trades": [
            {
              "wants": [
                {
                  "item": "minecraft:emerald",
                  "quantity": 3,
                  "price_multiplier": 0.05
                }
              ],
              "gives": [
                {
                  "item": "minecraft:banner",
                  "quantity": 1,
                  "functions": [
                    {
                      "function": "random_aux_value",
                      "values": {
                        "min": 0,
                        "max": 15
                      }
                    }
                  ]
                }
              ],
              "trader_exp": 15,
              "max_uses": 12,
              "reward_exp": true
            }
          ]
        }
      ]
    },
    {
      "total_exp_required": 250,
      "groups": [
        {
          "num_to_select": 1,
          "trades": [
            {
              "wants": [
                {
                  "item": "minecraft:emerald",
                  "quantity": 2,
                  "price_multiplier": 0.05
                }
              ],
              "gives": [
                {
                  "item": "minecraft:painting",
                  "quantity": 3
                }
              ],
              "trader_exp": 30,
              "max_uses": 12,
              "reward_exp": true
            }
          ]
        }
      ]
    }
  ]
}
