{
  "format_version": "1.13.0",
  "minecraft:feature_rules": {
    "description": {
      "identifier": "minecraft:overworld_amethyst_geode_feature",
      "places_feature": "minecraft:amethyst_geode_feature"
    },
    "conditions": {
      "placement_pass": "after_surface_pass",
      "minecraft:biome_filter": [
        {
          "any_of": [
            {
              "test": "has_biome_tag",
              "operator": "==",
              "value": "overworld"
            },
            {
              "test": "has_biome_tag",
              "operator": "==",
              "value": "overworld_generation"
            }
          ]
        }
      ]
    },
    "distribution": {
      "iterations": 1,
      "scatter_chance": {
        "numerator": 1,
        "denominator": 24
      },
      "x": 0,
      "y": {
        "distribution": "uniform",
        "extent": [ -58, 30 ]
      },
      "z": 0
    }
  }
}
