{
  "format_version": "1.16.0",
  "minecraft:growing_plant_feature": {
    "description": {
      "identifier": "minecraft:cave_vine_in_moss_feature"
    },
    "height_distribution":  [
      [{"range_min": 1, "range_max": 4}, 5],
      [{"range_min": 2, "range_max": 7}, 1]
    ],
    "growth_direction": "DOWN",
    "age": {"range_min": 17, "range_max": 26},
    "body_blocks": [
      ["minecraft:cave_vines", 4],
      ["minecraft:cave_vines_body_with_berries", 1]
    ],
    "head_blocks": [
      ["minecraft:cave_vines", 4],
      ["minecraft:cave_vines_head_with_berries", 1]
    ]
  }
}