{
  "format_version": "1.13.0",
  "minecraft:tree_feature": {
    "description": {
      "identifier": "minecraft:mountain_pine_tree_feature"
    },
    "trunk": {
      "trunk_height": {
        "range_min": 7,
        "range_max": 12
      },
      "trunk_block": {
        "name": "minecraft:log",
        "states": {
          "old_log_type": "spruce"
        }
      }
    },
    "pine_canopy": {
      "base_radius": 1,
      "canopy_height": {
        "range_min": 3,
        "range_max": 5
      },
      "leaf_block": {
        "name": "minecraft:leaves",
        "states": {
          "old_leaf_type": "spruce"
        }
      }
    },
    "base_block": [
      "minecraft:dirt",
      {
        "name": "minecraft:dirt",
        "states": {
          "dirt_type": "coarse"
        }
      }
    ],
    "may_grow_on": [
      "minecraft:dirt",
      "minecraft:grass",
      "minecraft:podzol",
      "minecraft:dirt_with_roots",
      "minecraft:moss_block",
      "minecraft:snow",
      {
        "name": "minecraft:dirt",
        "states": {
          "dirt_type": "coarse"
        }
      }
    ],
    "may_replace": [
      "minecraft:air",
      {
        "name": "minecraft:leaves",
        "states": {
          "old_leaf_type": "oak"
        }
      },
      {
        "name": "minecraft:leaves",
        "states": {
          "old_leaf_type": "spruce"
        }
      },
      {
        "name": "minecraft:leaves",
        "states": {
          "old_leaf_type": "birch"
        }
      },
      {
        "name": "minecraft:leaves",
        "states": {
          "old_leaf_type": "jungle"
        }
      },
      {
        "name": "minecraft:leaves2",
        "states": {
          "new_leaf_type": "acacia"
        }
      },
      {
        "name": "minecraft:leaves2",
        "states": {
          "new_leaf_type": "dark_oak"
        }
      }
    ]
  }
}