{
    "format_version": "1.12",
    "minecraft:recipe_shaped": {
        "description": {
            "identifier": "minecraft:Bookshelf_woodplanks_recipeId"
        },
        "tags": [
            "crafting_table"
        ],
        "pattern": [
            "AAA",
            "BBB",
            "AAA"
        ],
        "key": {
            "A": {
                "tag": "minecraft:planks"
            },
            "B": {
                "item": "book"
            }
        },
        "result": {
            "item": "bookshelf",
            "count": 1
        },
        "priority": -1
    }
}