{
    "format_version": "1.12",
    "minecraft:recipe_shaped": {
        "description": {
            "identifier": "minecraft:Bowl_recipeId"
        },
        "tags": [
            "crafting_table"
        ],
        "pattern": [
            "A A",
            " A "
        ],
        "key": {
            "A": {
                "tag": "minecraft:planks"
            }
        },
        "result": {
            "item": "bowl",
            "count": 4
        },
        "priority": -1
    }
}