{
  "format_version": "1.12",
  "minecraft:recipe_shaped": {
    "description": {
      "identifier": "minecraft:brush"
    },
    "tags": [ "crafting_table" ],
    "pattern": [
      "X",
      "#",
      "|"
    ],
    "key": {
      "X": {
        "item": "minecraft:feather"
      },
      "#": {
        "item": "minecraft:copper_ingot"
      },
      "|": {
        "item": "minecraft:stick"
      }
    },
    "result": {
      "item": "minecraft:brush",
      "count": 1
    }
  }
}