{
  "format_version": "1.12",
  "minecraft:recipe_shaped": {
    "description": {
      "identifier": "minecraft:campfire"
    }, 
    "tags": [ "crafting_table" ],
    "pattern": [
      " | ",
      "|C|",
      "###"
    ],
    "key": {
      "|": {
        "item": "minecraft:stick"
      },
      "#": {
        "tag": "minecraft:logs"
      },
      "C": {
        "tag": "minecraft:coals"
      }
    },
    "result": {
      "item": "minecraft:campfire"
    },
    "priority": -1
  }
}
