{
  "format_version": "1.12",
  "minecraft:recipe_shaped": {
    "description": {
    "identifier": "minecraft:campfire_from_stripped_mangrove_log"
    },
    "tags": [ "crafting_table" ],
    "pattern": [
      " | ",
      "|C|",
      "###"
    ],
    "key": {
      "|": {
        "item": "minecraft:stick"
      },
      "#": {
        "item": "minecraft:stripped_mangrove_log"
      },
      "C": {
        "item": "minecraft:coal"
      }
    },
    "result": {
      "item": "minecraft:campfire"
    }
  }
}
