{
  "format_version": "1.16",
  "minecraft:recipe_shaped": {
    "description": {
      "identifier": "minecraft:campfire_from_charcoal_mangrove_log"
    },
    "tags": [ "crafting_table" ],
    "pattern": [
      " A ",
      "ABA",
      "CCC"
    ],
    "key": {
      "A": {
        "item": "minecraft:stick"
      },
      "B": {
        "item": "minecraft:charcoal"
      },
      "C": {
        "item": "minecraft:mangrove_log"
      }
    },
    "result": {
      "item": "minecraft:campfire",
      "count": 1
    },
    "priority": 2
  }
}
