{
    "format_version": "1.16",
    "minecraft:recipe_shaped": {
        "description": {
            "identifier": "minecraft:chiseled_bookshelf"
        },
        "tags": [
            "crafting_table"
        ],
        "pattern": [
            "AAA",
            "BBB",
            "AAA"
        ],
        "key": {
            "A": {
                "tag": "minecraft:planks"
            },
            "B": {
                "tag": "minecraft:wooden_slabs"
            }
        },
        "result": {
            "item": "chiseled_bookshelf",
            "count": 1
        }
    }
}
