{
    "format_version": "1.16",
    "minecraft:recipe_shaped": {
        "description": {
            "identifier": "minecraft:chiseled_deepslate"
        },
        "key": {
            "#": {
                "item": "minecraft:cobbled_deepslate_slab"
            }
        },
        "pattern": [
            "#",
            "#"
        ],
        "priority": 1,
        "result": {
            "item": "minecraft:chiseled_deepslate"
        },
        "tags": [
            "crafting_table"
        ]
    }
}
