{
    "format_version": "1.16",
    "minecraft:recipe_shaped": {
        "description": {
            "identifier": "minecraft:cobbled_deepslate_stairs"
        },
        "key": {
            "#": {
                "item": "minecraft:cobbled_deepslate"
            }
        },
        "pattern": [
            "#  ",
            "## ",
            "###"
        ],
        "priority": 1,
        "result": {
            "count": 4,
            "item": "minecraft:cobbled_deepslate_stairs"
        },
        "tags": [
            "crafting_table"
        ]
    }
}
