{
    "format_version": "1.16",
    "minecraft:recipe_shaped": {
        "description": {
            "identifier": "minecraft:copper_block_from_ingots"
        },
        "tags": [
            "crafting_table"
        ],
        "pattern": [
            "AAA",
            "AAA",
            "AAA"
        ],
        "key": {
            "A": {
                "item": "minecraft:copper_ingot"
            }
        },
        "result": {
            "item": "minecraft:copper_block",
            "count": 1
        },
        "priority": 1
    }
}