{
    "format_version": "1.16",
    "minecraft:recipe_shaped": {
        "description": {
            "identifier": "minecraft:crafting_table_waxed_exposed_cut_copper_stairs"
        },
        "tags": [
            "crafting_table"
        ],
        "pattern": [
            "A",
            "AA",
            "AAA"
        ],
        "key": {
            "A": {
                "item": "minecraft:waxed_exposed_cut_copper"
            }
        },
        "result": {
            "item": "minecraft:waxed_exposed_cut_copper_stairs",
            "count": 4
        },
        "priority": 1
    }
}