{
    "format_version": "1.16",
    "minecraft:recipe_shaped": {
        "description": {
            "identifier": "minecraft:crafting_table_weathered_cut_copper_slab"
        },
        "tags": [
            "crafting_table"
        ],
        "pattern": [
            "AAA"
        ],
        "key": {
          "A": {
            "item": "minecraft:weathered_cut_copper"
          }
        },
        "result": {
            "item": "minecraft:weathered_cut_copper_slab",
            "count": 6
        },
        "priority": 1
    }
}