{
    "format_version": "1.12",
    "minecraft:recipe_shaped": {
        "description": {
            "identifier": "minecraft:WorkBench_recipeId"
        },
        "tags": [
            "crafting_table"
        ],
        "pattern": [
            "AA",
            "AA"
        ],
        "key": {
            "A": {
                "tag": "minecraft:planks"
            }
        },
        "result": {
            "item": "crafting_table"
        },
        "priority": -1
    }
}