{
    "format_version": "1.16",
    "minecraft:recipe_shaped": {
        "description": {
            "identifier": "minecraft:daylight_detector_from_crimson_slab"
        },
        "tags": [
            "crafting_table"
        ],
        "pattern": [
            "AAA",
            "BBB",
            "CCC"
        ],
        "key": {
            "A": {
                "item": "glass"
            },
            "B": {
                "item": "quartz"
            },
            "C": {
                "item": "crimson_slab"
            }
        },
        "result": {
            "item": "daylight_detector",
            "count": 1
        },
        "priority": 2
    }
}