{
    "format_version": "1.12",
    "minecraft:recipe_shaped": {
        "description": {
            "identifier": "minecraft:DaylightDetector_recipeId"
        },
        "tags": [
            "crafting_table"
        ],
        "pattern": [
            "AAA",
            "BBB",
            "CCC"
        ],
        "key": {
            "A": {
                "item": "glass"
            },
            "B": {
                "item": "quartz"
            },
            "C": {
                "tag": "minecraft:wooden_slabs"
            }
        },
        "result": {
            "item": "daylight_detector",
            "count": 1
        },
        "priority": -1
    }
}