{
    "format_version": "1.12",
    "minecraft:recipe_shapeless": {
        "description": {
            "identifier": "minecraft:deepslate_tile_stairs_from_cobbled_deepslate_stonecutting"
        },
        "ingredients": [
            {
                "data": 0,
                "item": "minecraft:cobbled_deepslate"
            }
        ],
        "priority": 0,
        "result": {
            "count": 1,
            "data": 0,
            "item": "minecraft:deepslate_tile_stairs"
        },
        "tags": [
            "stonecutter"
        ]
    }
}
