{
    "format_version": "1.16",
    "minecraft:recipe_shaped": {
        "description": {
            "identifier": "minecraft:deepslate_tiles"
        },
        "key": {
            "S": {
                "item": "minecraft:deepslate_bricks"
            }
        },
        "pattern": [
            "SS",
            "SS"
        ],
        "priority": 1,
        "result": {
            "count": 4,
            "item": "minecraft:deepslate_tiles"
        },
        "tags": [
            "crafting_table"
        ]
    }
}
