{
  "format_version": "1.12",
  "minecraft:recipe_shapeless": {
    "description": {
    "identifier": "minecraft:FireCharge_coal_sulphur_recipeId"
    },
    
    "tags": [ "crafting_table" ],
    "ingredients": [
      {
        "item": "minecraft:blaze_powder"
      },
      {
        "tag": "minecraft:coals"
      },
      {
        "item": "minecraft:gunpowder"
      }
    ],
    "result": {
      "item": "minecraft:fire_charge",
      "count": 3
    },
    "priority": -1
  }
}
